Origin,Neighbor_1,Score_1,Neighbor_2,Score_2,Neighbor_3,Score_3,Score_total,Fobs_Fexp_1,Fobs_Fexp_2,Fobs_Fexp_3
N.3 1,O.3.wat 970,0.987,O.2 698,0.939,O.3.wat 988,0.653,0.859,1.648,0.817,1.651
N.3 2,O.2 698,0.668,O.3.wat 970,0.943,O.3 735,0.539,0.717,0.735,1.630,1.580
C.3 3,O.3.wat 988,0.692,O.3.wat 952,0.367,O.3.wat 970,0.655,0.571,0.889,0.971,1.002
C.3 4,O.3.wat 989,0.882,O.3.wat 952,0.411,O.3.wat 970,0.899,0.731,0.889,0.971,1.002
C.2 5,O.3.wat 988,0.985,O.3.wat 952,0.939,N.3 695,0.972,0.965,0.757,1.098,1.215
C.2 6,O.3.wat 989,0.856,O.3.wat 952,0.909,N.3 61,0.761,0.842,0.757,1.098,1.215
O.3 7,N.3 695,0.996,C.3 659,0.820,O.2 641,0.907,0.908,1.862,1.164,0.753
O.2 8,N.3 695,0.628,O.3.wat 989,0.846,C.3 660,0.942,0.806,1.699,0.644,0.702
C.3 9,O.3 734,0.226,O.3.wat 973,0.963,O.2 698,0.826,0.672,1.053,0.971,1.075
C.3 10,O.3.wat 973,0.231,O.3.wat 952,0.060,O.3.wat 1000,0.155,0.149,0.889,0.971,1.002
O.3 11,O.3 734,0.965,O.3.wat 973,0.927,O.3.wat 970,0.501,0.798,1.611,1.298,1.124
O.3 12,O.3.wat 952,0.007,O.3.wat 1000,0.982,O.3.wat 997,0.268,0.419,1.526,1.298,1.124
C.3 13,O.3.wat 973,0.927,O.3.wat 952,0.981,O.3.wat 997,0.941,0.950,0.889,0.971,1.002
C.3 14,O.3 735,0.823,C.3 700,0.956,S.3 795,0.808,0.863,1.053,1.122,1.338
N.2 33,O.3.wat 952,0.837,O.3.wat 953,0.791,O.3.wat 988,0.985,0.871,1.381,1.157,1.331
N.3 34,O.3.wat 952,0.914,O.3.wat 997,0.646,O.3.wat 989,0.936,0.832,1.648,1.630,1.651
C.3 35,O.2 641,0.259,O.3.wat 952,0.488,O.3.wat 953,0.725,0.491,1.407,0.971,1.002
C.3 36,O.2 641,0.912,O.3.wat 952,0.915,O.3.wat 997,0.859,0.895,1.407,0.971,1.002
C.3 37,O.2 641,1.000,N.pl3 196,0.669,O.3.wat 997,0.979,0.882,1.407,0.843,1.002
C.2 38,N.pl3 196,0.567,O.2 641,0.994,O.3.wat 997,0.800,0.787,0.935,0.952,0.938
O.2 39,O.3.wat 997,0.980,N.pl3 196,0.987,O.3.wat 1015,0.340,0.769,1.092,0.658,0.635
O.3 40,O.3.wat 997,0.882,N.pl3 196,0.514,O.3.wat 1015,0.360,0.585,1.526,1.736,1.124
C.3 41,O.3.wat 953,0.541,O.2 641,0.845,N.pl3 195,0.652,0.679,0.889,1.349,0.962
C.3 42,N.pl3 195,0.986,O.3.wat 957,0.753,O.3.wat 952,0.986,0.908,0.753,0.971,1.002
O.3 43,O.3.wat 953,0.632,N.pl3 195,0.914,O.3.wat 952,0.843,0.796,1.526,1.736,1.124
O.3 44,C.3 672,0.600,C.2 270,0.804,O.3.wat 957,0.990,0.798,0.983,0.380,1.124
C.3 45,O.3.wat 953,0.298,O.2 453,0.564,C.2 269,0.311,0.391,0.889,1.349,0.766
C.3 46,N.pl3 195,0.075,C.2 270,0.902,O.2 641,0.863,0.613,0.753,0.357,1.075
N.3 61,O.2 641,0.960,N.pl3 196,0.759,S.3 795,0.976,0.898,0.735,0.985,0.701
C.3 62,N.pl3 196,1.000,S.3 795,0.287,O.co2 881,0.952,0.746,0.753,1.373,1.018
C.2 63,N.pl3 196,0.601,O.co2 881,0.822,N.am 638,0.905,0.776,0.935,0.702,1.707
O.2 64,N.am 638,0.673,C.3 629,0.963,C.ar 854,0.695,0.777,3.254,1.104,0.728
C.3 65,S.3 795,0.473,O.2 850,0.419,C.3 643,0.329,0.407,1.425,1.349,1.205
S.3 66,S.3 795,1.000,C.3 702,0.711,C.3 806,0.671,0.794,24.090,2.024,1.798
N.am 71,O.co2 881,0.998,N.pl3 196,0.836,O.2 850,0.389,0.741,0.819,0.578,1.358
C.3 72,O.co2 881,0.875,S.3 633,0.632,C.ar 854,0.825,0.777,1.059,1.373,1.227
C.2 73,N.am 95,0.994,C.3 848,0.991,O.co2 881,0.947,0.977,2.955,0.512,0.751
O.2 74,N.am 878,0.847,C.2 849,0.324,N.am 868,0.626,0.599,3.254,0.280,2.466
C.3 75,S.3 633,0.612,O.co2 881,0.869,N.am 186,0.188,0.556,1.425,1.055,0.638
S.3 76,S.3 633,0.639,N.pl3 193,0.500,C.2 178,0.611,0.583,24.090,1.158,0.693
N.am 81,C.ar 854,0.985,C.3 180,0.690,C.2 63,0.312,0.662,0.294,0.466,3.816
C.3 82,O.3 827,0.785,C.ar 854,0.906,O.3.wat 939,0.999,0.897,1.053,1.266,1.002
C.2 83,O.3.wat 939,1.000,O.3.wat 917,0.569,O.2 884,0.771,0.780,0.757,1.098,1.155
O.2 84,O.3.wat 917,0.963,O.3.wat 939,0.939,O.3 896,0.911,0.938,1.092,0.644,0.607
C.3 85,O.3.wat 912,0.882,O.3.wat 914,0.510,C.ar 856,0.957,0.783,0.889,0.971,1.227
C.3 86,O.2 624,0.929,C.3 180,0.941,O.3.wat 912,1.000,0.957,1.407,1.122,1.002
C.3 87,O.2 624,0.822,C.3 180,0.903,C.ar 854,0.628,0.784,1.407,1.122,1.227
N.am 95,C.2 73,0.788,O.2 884,0.333,C.3 180,0.810,0.644,5.543,1.326,0.638
C.3 96,O.2 884,0.661,O.3.wat 919,0.963,O.3.wat 917,0.999,0.874,1.407,0.971,1.002
C.2 97,N.3 144,0.926,C.3 882,0.325,O.3.wat 919,0.992,0.748,1.121,0.512,0.938
O.2 98,N.am 186,0.371,N.3 176,0.967,N.3 144,0.946,0.761,3.254,1.070,0.849
C.3 99,O.3.wat 919,0.933,O.3.wat 918,0.667,O.3.wat 920,0.492,0.697,0.889,0.971,1.002
O.3 100,N.3 176,0.555,N.3 144,0.463,O.3.wat 920,0.955,0.658,1.862,2.137,1.124
N.3 106,O.3.wat 919,0.692,O.3.wat 920,0.725,O.2 884,0.822,0.746,1.648,1.630,0.886
N.3 107,O.3.wat 919,0.880,O.2 884,0.779,O.3.wat 920,0.740,0.800,1.648,0.817,1.651
C.2 108,O.3.wat 920,0.883,O.3.wat 919,0.813,N.3 176,0.548,0.748,0.757,1.098,1.215
C.2 109,O.3.wat 928,0.859,O.3.wat 919,0.872,O.3.wat 920,0.910,0.880,0.757,1.098,0.938
C.2 110,N.3 176,0.253,N.am 186,0.968,C.3 899,0.357,0.526,1.121,2.048,0.618
C.3 111,N.3 176,0.751,O.3.wat 928,0.981,N.am 186,0.169,0.634,0.447,0.971,0.638
O.2 112,N.am 210,0.827,N.am 186,0.633,N.3 176,0.519,0.660,3.254,2.993,0.849
O.3 113,N.am 210,1.000,O.3.wat 928,0.697,N.am 186,0.536,0.744,0.487,1.298,0.792
C.3 114,O.3.wat 919,0.882,O.3.wat 920,0.510,O.3.wat 921,0.446,0.613,0.889,0.971,1.002
C.3 115,O.3.wat 919,0.933,O.3.wat 928,0.998,O.3.wat 920,0.994,0.975,0.889,0.971,1.002
C.3 116,O.3.wat 919,0.785,O.3.wat 922,0.886,N.am 885,0.983,0.885,0.889,0.971,0.638
C.3 117,N.am 885,0.790,O.3.wat 919,0.847,O.3 908,0.926,0.854,0.198,0.971,1.056
C.3 118,C.3 899,0.578,O.3 215,0.451,O.3.wat 920,0.663,0.564,1.190,1.064,1.002
C.3 119,O.3.wat 928,0.034,O.3 215,0.275,O.3.wat 920,0.246,0.185,0.889,1.064,1.002
C.3 120,C.3 905,0.402,N.am 885,0.170,O.3.wat 975,0.901,0.491,1.190,0.423,1.002
C.3 121,O.3.wat 922,0.752,O.3.wat 995,0.826,N.am 885,0.393,0.657,0.889,0.971,0.638
N.3 144,O.3.wat 920,0.767,C.2 97,0.633,C.3 899,0.671,0.690,1.648,0.764,0.742
N.2 145,O.3.wat 920,0.878,C.2 97,0.936,C.3 900,0.890,0.902,1.381,1.849,0.998
C.3 146,C.3 899,0.374,O.3.wat 920,0.943,O.3 100,0.987,0.768,1.190,0.971,1.056
C.3 147,C.3 900,1.000,O.3.wat 920,0.857,C.3 214,0.960,0.939,1.190,0.971,1.205
C.2 148,N.am 186,0.974,N.am 210,0.959,C.3 899,0.787,0.906,2.955,2.048,0.618
C.2 149,N.am 186,0.724,N.am 210,0.599,N.3 222,0.918,0.747,2.955,2.048,1.215
O.2 150,N.3 221,0.990,N.am 210,0.822,N.am 186,0.912,0.908,1.699,2.993,2.466
O.2 151,N.3 222,0.907,N.am 210,0.910,N.am 186,0.970,0.929,1.699,2.993,2.466
C.3 152,O.3.wat 920,0.998,O.3 100,0.674,C.3 899,0.568,0.746,0.889,1.064,1.205
C.3 153,C.3 900,0.725,O.3.wat 920,0.847,O.3 100,0.501,0.691,1.190,0.971,1.056
C.3 154,N.3 235,0.843,O.3.wat 926,0.169,O.3 100,0.351,0.454,0.447,0.971,1.056
C.3 155,O.3.wat 920,0.692,O.3 100,0.988,N.3 236,0.866,0.848,0.889,1.064,0.761
C.3 156,O.3.wat 920,0.541,O.3.wat 921,0.998,C.3 899,0.499,0.679,0.889,0.971,1.205
C.3 157,C.3 900,0.033,O.3 234,0.323,C.3 214,0.442,0.266,1.190,1.064,1.205
N.3 176,C.2 110,0.753,O.3 100,0.921,N.am 210,0.701,0.792,0.584,1.526,0.574
C.3 177,O.3.wat 926,0.998,O.2 98,0.888,O.2 112,0.990,0.959,0.889,1.349,1.075
C.2 178,N.am 210,0.840,N.3 221,0.972,S.3 633,0.596,0.803,2.955,1.228,0.633
O.2 179,N.3 249,1.000,N.3 221,0.951,N.am 210,0.778,0.910,1.699,1.070,2.466
C.3 180,O.2 98,0.978,O.2 610,0.564,C.3 87,0.415,0.652,1.407,1.349,1.205
N.am 186,O.2 112,0.667,O.2 98,0.878,C.2 148,1.000,0.848,1.908,1.326,3.816
C.3 187,O.2 112,0.985,S.3 76,0.498,C.3 257,0.959,0.814,1.407,1.373,1.205
C.2 188,N.3 221,0.526,N.3 249,0.626,O.2 112,0.367,0.506,1.121,1.228,1.155
O.2 189,N.3 289,0.930,N.3 249,0.864,N.3 221,0.816,0.870,1.699,1.070,0.849
C.3 190,O.co2 886,0.781,O.2 112,0.477,O.2 98,0.845,0.701,1.059,1.349,1.075
C.3 191,O.co2 886,0.997,O.3.wat 961,0.712,O.3.wat 975,0.417,0.709,1.059,0.971,1.002
C.3 192,O.3.wat 961,0.966,O.3.wat 929,0.788,O.co2 886,0.666,0.807,0.889,0.971,1.018
N.pl3 193,O.co2 886,0.991,S.3 76,0.772,O.3.wat 942,0.994,0.919,4.905,1.007,1.417
C.cat 194,S.3 76,0.880,O.3.wat 942,0.948,O.co2 886,0.900,0.909,0.790,1.371,4.030
N.pl3 195,O.3 43,0.989,O.3.wat 929,0.601,O.3.wat 942,0.993,0.861,1.150,1.379,1.417
N.pl3 196,O.co2 881,0.890,O.2 39,0.970,O.3.wat 1015,0.753,0.871,4.905,0.773,1.417
N.am 210,O.2 112,0.768,O.2 150,0.747,C.2 178,0.989,0.835,1.908,1.326,3.816
C.3 211,C.3 899,0.058,O.3.wat 923,0.163,O.2 150,0.271,0.164,1.190,0.971,1.075
C.2 212,N.3 249,0.649,O.3.wat 923,0.407,O.2 150,0.367,0.474,1.121,1.098,1.155
O.2 213,O.3.wat 923,0.963,N.am 303,0.905,N.3 289,0.849,0.906,1.092,2.993,0.849
C.3 214,C.3 899,0.000,O.2 150,0.448,O.3.wat 923,0.318,0.255,1.190,1.349,1.002
O.3 215,C.3 899,0.005,O.3.wat 925,0.885,O.2 112,0.698,0.529,0.983,1.298,0.753
N.3 221,O.2 150,0.986,C.2 188,0.665,O.2 179,0.897,0.849,0.735,0.764,0.886
N.3 222,O.2 151,0.988,C.2 188,1.000,O.2 179,0.883,0.957,0.735,0.764,0.886
C.3 223,O.2 150,0.648,O.2 179,0.991,O.3.wat 965,0.957,0.866,1.407,1.349,1.002
C.3 224,O.2 179,0.916,O.2 151,0.797,O.3.wat 965,0.991,0.901,1.407,1.349,1.002
C.3 225,N.3 289,0.592,O.2 179,0.867,N.am 303,0.159,0.539,0.447,1.349,0.638
C.2 226,N.3 289,1.000,C.3 613,0.778,O.2 179,0.652,0.810,1.121,0.512,1.155
O.2 227,N.am 319,0.990,O.3.wat 965,0.947,N.am 303,0.413,0.783,3.254,0.644,2.466
O.3 228,N.am 319,0.958,O.3.wat 965,0.643,N.am 303,0.994,0.865,0.487,1.298,0.792
C.3 229,O.2 150,0.978,O.2 179,0.991,O.3.wat 965,0.994,0.988,1.407,1.349,1.002
C.3 230,O.2 151,0.776,O.2 179,0.477,C.3 613,0.199,0.484,1.407,1.349,1.205
C.1 231,O.2 150,0.932,O.3.wat 943,0.583,O.3.wat 926,0.851,0.788,0.811,1.355,1.449
C.1 232,O.2 151,0.556,O.3.wat 926,0.994,O.3.wat 944,1.000,0.850,0.811,1.355,1.449
O.3 233,O.3.wat 943,1.000,O.2 150,0.739,O.3.wat 965,0.765,0.835,1.526,0.649,1.124
O.3 234,O.3.wat 944,0.176,O.2 151,0.826,O.3.wat 965,0.765,0.589,1.526,0.649,1.124
N.3 235,O.3.wat 926,0.296,C.3 154,0.314,O.3.wat 983,0.992,0.534,1.648,0.773,1.651
N.3 236,O.3.wat 926,1.000,O.2 151,0.876,O.3.wat 981,0.836,0.904,1.648,0.817,1.651
N.3 249,O.2 179,0.995,O.2 189,0.999,C.2 212,0.831,0.942,0.735,0.817,0.725
N.3 250,O.2 179,0.995,O.2 189,0.913,C.2 212,0.998,0.969,0.735,0.817,0.725
C.3 251,O.2 189,0.975,O.2 179,0.684,C.3 613,0.505,0.722,1.407,1.349,1.205
C.3 252,C.3 613,0.876,O.2 189,0.771,O.2 179,0.459,0.702,1.190,1.349,1.075
C.2 253,N.am 303,0.880,N.am 319,0.829,O.2 189,0.710,0.806,2.955,2.048,1.155
C.3 254,N.am 303,0.639,O.2 189,0.771,N.am 319,0.159,0.523,0.198,1.349,0.638
O.3 255,N.am 329,0.995,N.am 319,0.898,N.am 303,0.998,0.964,0.487,0.940,0.792
O.2 256,N.am 329,0.801,N.am 319,1.000,N.am 303,0.626,0.809,3.254,2.993,2.466
C.3 257,O.2 189,0.661,O.2 179,0.151,S.3 633,0.692,0.501,1.407,1.349,1.338
C.3 258,O.2 179,0.691,O.2 189,0.362,S.3 633,0.480,0.511,1.407,1.349,1.338
C.2 259,S.3 633,0.341,C.3 514,0.526,O.3 612,0.258,0.375,0.427,0.512,0.981
C.3 260,S.3 633,0.275,C.3 46,0.492,C.3 514,0.723,0.497,1.425,1.122,1.205
C.3 261,C.3 334,0.697,O.3.wat 929,0.256,N.pl3 195,0.879,0.611,1.190,0.971,0.962
C.3 262,O.3.wat 929,0.340,C.3 334,0.890,N.pl3 195,0.997,0.743,0.889,1.122,0.962
C.3 263,C.3 514,0.849,O.3 612,0.981,C.3 632,0.385,0.739,1.190,1.064,1.205
C.2 264,C.3 514,0.947,C.3 632,0.797,O.3 612,0.524,0.756,0.474,0.512,0.981
C.3 265,C.3 334,0.849,O.3.wat 958,0.921,C.3 45,0.988,0.919,1.190,0.971,1.205
C.3 266,O.3.wat 957,0.541,O.3.wat 958,0.753,C.3 46,0.199,0.497,0.889,0.971,1.205
C.3 267,C.3 514,0.501,N.am 520,0.154,O.2 449,0.683,0.446,1.190,0.423,1.075
C.3 268,C.3 514,0.576,O.2 449,0.988,C.3 46,0.756,0.773,1.190,1.349,1.205
C.2 269,C.3 45,0.992,C.3 514,0.778,C.3 451,0.996,0.922,0.474,0.512,0.618
C.2 270,O.3 44,0.999,O.3.wat 958,0.744,C.3 334,0.841,0.861,0.721,1.098,0.618
N.3 289,O.2 189,0.996,C.3 225,0.224,O.2 213,0.898,0.706,0.735,0.773,0.886
C.3 290,O.3.wat 931,0.667,O.2 213,0.980,O.2 189,0.784,0.810,0.889,1.349,1.075
C.2 291,N.am 319,0.781,O.3.wat 931,0.886,N.am 329,0.850,0.839,2.955,1.098,1.707
O.2 292,O.3.wat 931,0.992,N.am 329,0.798,N.am 353,0.912,0.901,1.092,2.993,2.466
C.3 293,O.3.wat 924,1.000,O.2 189,0.743,O.2 213,0.623,0.789,0.889,1.349,1.075
C.2 294,O.2 189,0.667,C.3 910,0.262,O.3.wat 930,0.322,0.417,0.573,0.512,0.938
O.2 295,O.3.wat 929,0.950,O.3.wat 930,0.561,C.3 910,0.781,0.764,1.092,0.644,0.702
N.am 296,O.3.wat 924,0.550,O.3.wat 961,0.194,O.2 189,0.806,0.517,0.675,0.633,1.358
N.am 303,O.2 213,0.474,O.2 227,0.985,C.2 253,0.793,0.751,1.908,1.326,3.816
C.3 304,O.2 227,0.834,O.2 213,0.582,C.3 358,0.993,0.803,1.407,1.349,1.205
C.2 305,N.am 329,0.424,N.am 353,0.968,O.2 227,0.766,0.719,2.955,2.048,1.155
O.2 306,N.am 353,0.758,N.am 329,0.966,C.3 384,0.976,0.900,3.254,2.993,0.702
C.3 307,O.3.wat 965,0.862,O.2 227,0.822,O.2 213,0.806,0.830,0.889,1.349,1.075
C.3 308,O.3.wat 965,0.983,O.3.wat 943,0.137,C.3 359,0.540,0.553,0.889,0.971,1.205
C.3 309,O.2 213,0.949,O.3.wat 923,0.998,C.3 359,0.499,0.815,1.407,0.971,1.205
N.am 319,O.2 227,0.976,O.3 255,0.772,C.2 291,0.969,0.906,1.908,0.610,3.816
C.3 320,O.3 255,0.969,O.2 227,0.965,S.3 515,0.692,0.876,1.053,1.349,1.338
C.2 321,N.am 353,1.000,S.3 515,0.352,O.3 255,0.586,0.646,2.955,0.581,0.981
O.2 322,O.3 412,0.802,C.3 384,0.769,N.am 353,1.000,0.857,0.884,1.104,2.466
C.3 323,S.3 515,0.612,O.3 255,0.197,O.2 227,0.111,0.307,1.425,1.064,1.075
S.3 324,S.3 515,1.000,C.3 413,0.992,C.3 565,0.240,0.744,24.090,2.024,1.798
N.am 329,O.3 255,0.916,C.2 305,0.391,O.2 292,0.957,0.755,0.657,5.809,1.358
C.3 330,O.2 292,0.467,O.3 255,0.964,O.2 306,0.994,0.808,1.407,1.064,1.075
C.2 331,N.3 372,0.986,N.3 400,0.775,O.2 306,0.937,0.900,1.121,1.228,1.155
O.2 332,N.3 400,0.869,N.3 372,1.000,N.am 407,0.149,0.673,1.699,1.070,2.466
C.3 333,O.3 255,0.823,O.3.wat 932,0.898,O.2 292,0.524,0.748,1.053,0.971,1.075
C.3 334,O.3 255,0.717,O.3.wat 932,0.667,S.3 515,0.976,0.787,1.053,0.971,1.338
C.3 335,O.2 410,0.749,O.3.wat 932,0.998,O.3.wat 958,0.957,0.901,1.407,0.971,1.002
N.pl3 336,O.3.wat 932,0.986,O.3.wat 958,0.859,C.3 451,0.926,0.923,1.400,1.379,1.039
C.cat 337,O.3.wat 958,1.000,C.3 451,0.669,O.3.wat 932,0.497,0.722,1.203,1.124,1.513
N.pl3 338,O.2 410,0.950,N.am 446,0.962,C.2 423,0.946,0.953,0.685,0.289,0.567
N.pl3 339,O.3.wat 958,0.282,O.3.wat 932,0.888,C.3 451,0.988,0.719,1.400,1.379,1.039
N.am 353,O.2 306,0.791,C.2 321,0.998,O.2 292,0.957,0.916,1.908,5.809,1.358
C.3 354,O.2 306,0.729,N.3 400,0.919,O.2 292,0.969,0.872,1.407,0.588,1.075
C.2 355,N.3 400,0.469,O.2 306,0.067,O.2 322,0.131,0.222,1.121,0.952,1.155
O.2 356,N.3 400,0.232,O.2 306,0.139,O.2 322,0.184,0.185,1.699,0.368,0.783
C.3 357,O.2 306,0.896,O.2 292,0.318,O.3.wat 931,0.162,0.459,1.407,1.349,1.002
C.3 358,O.2 292,0.997,O.2 306,0.743,O.3.wat 931,0.741,0.827,1.407,1.349,1.002
C.3 359,O.2 306,0.215,O.2 292,0.223,O.3.wat 931,0.079,0.172,1.407,1.349,1.002
C.3 360,O.3 911,0.741,O.3.wat 931,1.000,O.2 292,0.997,0.913,1.053,0.971,1.075
N.3 372,O.2 332,0.542,O.2 322,0.632,O.2 306,0.999,0.725,0.735,0.817,0.886
N.am 373,O.2 332,0.097,O.2 322,0.230,O.2 306,0.447,0.258,1.908,1.326,1.358
C.3 374,O.2 332,0.186,O.3.wat 1019,0.287,N.am 407,0.617,0.363,1.407,0.971,0.638
C.3 375,O.3.wat 987,0.185,O.2 332,0.582,O.3.wat 1019,0.590,0.452,0.889,1.349,1.002
C.2 376,N.am 407,0.246,O.3.wat 1019,0.957,O.2 332,0.966,0.723,2.955,1.098,1.155
C.3 377,N.am 407,0.980,O.3.wat 946,0.921,O.2 332,0.623,0.841,0.198,0.971,1.075
O.3 378,O.3.wat 945,0.381,O.3.wat 1019,0.434,N.am 407,0.512,0.442,1.526,1.298,0.792
O.2 379,O.3.wat 987,0.777,O.3.wat 946,0.820,O.3.wat 1019,0.996,0.864,1.092,0.644,0.635
C.3 380,O.3.wat 1019,0.661,O.3.wat 933,0.263,O.3 412,0.637,0.520,0.889,0.971,1.056
C.3 381,O.3.wat 1019,0.991,O.3.wat 933,0.873,O.3.wat 987,0.873,0.912,0.889,0.971,1.002
C.3 382,O.3.wat 933,0.512,O.2 322,0.390,O.3 412,0.240,0.381,0.889,1.349,1.056
C.3 383,O.3.wat 933,0.412,O.2 322,0.559,O.3 412,0.760,0.577,0.889,1.349,1.056
C.3 384,O.2 322,0.477,O.2 306,0.390,C.2 331,0.180,0.349,1.407,1.349,0.766
C.3 385,O.2 322,0.928,O.2 306,0.307,C.2 331,0.342,0.526,1.407,1.349,0.766
N.3 400,O.2 332,0.930,C.2 355,0.665,O.3.wat 945,1.000,0.865,0.735,0.764,1.651
C.3 401,O.2 332,0.822,O.3.wat 945,0.794,O.2 356,0.753,0.790,1.407,0.971,1.075
C.2 402,O.3.wat 976,0.908,N.3 421,0.996,O.3.wat 945,0.910,0.938,0.757,1.228,0.938
O.2 403,N.3 421,0.191,O.3.wat 976,0.698,O.3.wat 945,0.877,0.589,1.699,0.644,0.635
N.am 407,C.2 376,0.275,O.3.wat 976,0.739,O.2 322,0.384,0.466,5.543,0.633,1.358
C.3 408,O.3.wat 976,0.365,O.3.wat 933,0.400,O.2 322,0.957,0.574,0.889,0.971,1.075
C.2 409,N.pl3 338,0.627,N.am 446,0.746,S.3 515,0.709,0.694,0.935,2.048,0.633
O.2 410,N.pl3 338,0.956,N.am 446,0.689,S.3 515,0.859,0.835,1.243,2.993,0.561
C.3 411,O.2 322,0.508,S.3 515,0.227,O.3.wat 933,0.994,0.577,1.407,1.373,1.002
O.3 412,O.2 322,0.880,O.3.wat 933,0.996,C.3 382,0.955,0.943,0.737,1.298,1.215
C.3 413,S.3 515,0.844,C.3 476,0.941,S.3 324,0.725,0.836,1.425,1.122,1.338
N.3 421,O.2 403,0.412,N.pl3 338,0.998,O.3.wat 976,0.968,0.793,0.735,0.985,1.651
C.3 422,N.pl3 338,0.379,O.2 403,0.364,N.am 462,0.920,0.555,0.753,1.349,0.638
C.2 423,N.am 462,0.468,N.3 472,0.956,N.pl3 338,0.930,0.785,2.955,1.228,1.010
O.2 424,N.3 472,0.656,N.3 510,0.864,N.am 462,0.193,0.571,1.699,1.070,2.466
C.3 425,O.3.wat 934,0.227,N.am 462,0.538,N.3 472,0.982,0.582,0.889,0.423,0.761
C.3 426,C.3 478,0.215,O.2 403,0.106,O.3.wat 976,0.262,0.194,1.190,1.349,1.002
C.3 427,O.2 403,0.676,O.3.wat 976,0.915,C.3 478,0.937,0.843,1.407,0.971,1.205
N.am 435,O.3.wat 1017,0.706,O.2 403,0.552,N.pl3 338,0.990,0.749,0.675,1.326,0.865
C.3 436,O.3.wat 1017,0.897,N.pl3 338,1.000,O.3.wat 935,0.991,0.962,0.889,0.843,1.002
C.2 437,N.am 462,0.671,N.pl3 338,0.996,O.3.wat 935,0.999,0.889,2.955,1.082,0.938
O.2 438,N.3 510,0.656,N.am 462,0.995,N.3 491,0.950,0.867,1.699,2.993,0.849
C.3 439,O.3.wat 1017,0.231,O.3.wat 935,0.089,N.am 462,0.319,0.213,0.889,0.971,0.638
O.3 440,O.3.wat 1017,0.576,N.3 491,0.844,N.am 462,0.894,0.771,1.526,2.137,0.792
N.am 446,O.2 410,0.080,O.3.wat 934,0.997,N.pl3 338,0.414,0.497,1.908,0.633,0.865
C.3 447,O.3.wat 934,0.314,C.2 269,0.596,C.3 335,0.913,0.607,0.889,0.357,1.205
C.2 448,N.3 472,0.775,N.3 510,0.915,C.3 671,0.529,0.740,1.121,1.228,0.618
O.2 449,N.am 520,0.569,N.3 510,1.000,N.3 472,0.816,0.795,3.254,1.070,0.849
C.3 450,O.3.wat 963,0.897,C.3 671,0.770,O.3.wat 934,0.979,0.882,0.889,1.122,1.002
C.3 451,C.cat 337,0.976,O.3.wat 958,0.788,O.3.wat 963,0.986,0.916,1.290,0.971,1.002
C.2 452,O.3.wat 988,0.633,O.3.wat 958,0.407,O.3.wat 940,0.114,0.385,0.757,1.098,0.938
O.2 453,O.3.wat 988,0.291,O.3.wat 963,0.143,O.3.wat 1014,0.114,0.183,1.092,0.644,0.635
O.3 454,O.3.wat 958,0.384,O.3.wat 940,0.386,O.3.wat 953,0.268,0.346,1.526,1.298,1.124
N.am 462,O.3.wat 934,0.623,O.2 424,0.747,C.3 671,0.232,0.534,0.675,1.326,0.638
C.3 463,C.3 671,0.960,O.3.wat 934,0.826,O.2 424,0.986,0.924,1.190,0.971,1.075
C.2 464,N.3 510,0.945,N.am 520,0.990,O.2 424,0.989,0.975,1.121,2.048,1.155
O.2 465,N.am 530,0.241,N.am 520,0.717,N.3 510,0.733,0.563,3.254,2.993,0.849
C.3 466,O.3.wat 934,0.980,C.3 671,0.873,O.2 424,0.267,0.707,0.889,1.122,1.075
N.3 472,O.2 424,0.869,C.2 448,0.912,N.am 520,0.504,0.762,0.735,0.764,0.574
C.3 473,O.2 424,0.949,O.3 535,0.902,N.am 520,0.785,0.879,1.407,1.064,0.638
C.2 474,N.am 520,0.618,O.2 424,0.839,O.3 535,0.904,0.787,2.955,0.952,0.981
O.2 475,N.3 544,0.952,O.3 535,0.985,N.am 520,0.495,0.810,1.699,0.524,2.466
C.3 476,O.2 424,0.940,C.3 413,0.941,O.3 535,0.270,0.717,1.407,1.122,1.056
C.3 477,O.2 424,0.030,C.3 413,0.194,O.3 535,0.156,0.126,1.407,1.122,1.056
C.3 478,C.3 427,0.289,C.3 413,0.366,O.3 535,0.025,0.227,1.190,1.122,1.056
C.3 479,O.3 535,0.061,C.3 413,0.023,O.2 424,0.057,0.047,1.053,1.122,1.075
N.3 491,O.3 440,0.748,C.2 448,0.878,N.am 520,0.675,0.767,1.196,0.764,0.574
C.3 492,O.3 535,0.488,O.2 438,0.888,N.am 520,0.891,0.756,1.053,1.349,0.638
C.2 493,N.am 520,0.515,O.3 535,0.850,O.2 449,0.937,0.767,2.955,1.084,1.155
O.2 494,N.3 545,0.401,O.3 535,0.920,N.am 520,0.912,0.744,1.699,0.524,2.466
C.3 495,O.3 440,0.985,C.3 413,0.975,O.3.wat 1017,0.838,0.933,1.053,1.122,1.002
C.3 496,O.3 440,0.923,O.3.wat 1017,0.651,C.3 413,0.214,0.596,1.053,0.971,1.205
C.3 497,C.3 413,0.689,O.3.wat 1017,0.095,O.3 440,0.420,0.402,1.190,0.971,1.056
C.3 498,O.3.wat 1017,0.030,O.3 440,0.725,C.3 413,0.429,0.394,0.889,1.064,1.205
N.3 510,O.2 424,0.782,O.2 449,0.946,C.2 464,0.992,0.907,0.735,0.817,0.725
C.3 511,S.3 324,0.276,O.2 449,0.743,O.2 424,0.986,0.668,1.425,1.349,1.075
C.2 512,N.am 530,0.312,O.2 449,0.656,N.3 544,0.791,0.586,2.955,0.952,1.215
O.2 513,O.3 612,0.862,N.3 544,0.711,C.3 263,0.805,0.793,0.884,1.070,0.702
C.3 514,S.3 324,0.582,C.3 267,0.341,O.2 449,0.590,0.505,1.425,1.122,1.075
S.3 515,S.3 324,1.000,C.3 411,0.288,N.am 329,1.000,0.763,24.090,2.024,0.496
N.am 520,O.2 449,0.472,C.2 474,0.615,O.2 465,0.999,0.696,1.908,5.809,1.358
C.3 521,O.2 631,0.843,O.2 449,0.684,O.2 465,0.683,0.737,1.407,1.349,1.075
C.2 522,N.3 544,0.469,O.2 631,0.280,N.3 607,0.953,0.567,1.121,0.952,1.215
O.2 523,N.am 621,0.776,O.2 631,0.571,N.3 607,0.633,0.660,3.254,0.368,0.849
C.3 524,O.2 631,0.412,O.2 449,0.151,O.2 465,0.139,0.234,1.407,1.349,1.075
N.am 530,O.2 465,0.246,O.2 475,0.872,C.2 512,0.509,0.542,1.908,1.326,3.816
C.3 531,O.3.wat 978,0.541,O.2 475,0.935,O.2 465,0.969,0.815,0.889,1.349,1.075
C.2 532,N.3 607,0.998,O.2 475,0.798,O.3.wat 1007,0.999,0.931,1.121,0.952,0.938
O.2 533,O.3.wat 1007,0.570,N.3 607,0.565,O.3.wat 978,0.992,0.709,1.092,1.070,0.635
C.3 534,O.3.wat 978,0.531,O.2 465,0.582,O.2 475,1.000,0.704,0.889,1.349,1.075
O.3 535,O.2 475,0.243,O.2 465,0.945,N.3 510,0.564,0.584,0.737,0.649,1.522
C.3 536,O.3.wat 978,0.645,O.2 465,0.818,O.2 475,0.174,0.546,0.889,1.349,1.075
N.3 544,O.2 475,0.996,C.2 522,0.665,O.2 513,0.887,0.849,0.735,0.764,0.886
N.3 545,O.2 494,0.657,C.2 522,0.665,O.2 513,0.895,0.739,0.735,0.764,0.886
N.3 546,C.2 522,0.908,O.2 513,0.802,N.am 621,0.846,0.852,0.584,0.817,0.574
C.3 547,O.2 475,0.676,O.2 513,0.997,O.2 523,0.997,0.890,1.407,1.349,1.075
C.3 548,O.2 494,0.781,O.2 513,0.909,O.2 523,0.928,0.873,1.407,1.349,1.075
C.3 549,O.2 513,0.703,O.2 523,0.402,N.am 621,0.289,0.465,1.407,1.349,0.638
C.3 550,O.3.wat 959,0.862,O.3.wat 981,0.981,N.am 621,0.208,0.684,0.889,0.971,0.638
C.3 551,O.3.wat 960,0.882,N.am 621,0.154,O.3.wat 981,0.873,0.636,0.889,0.423,1.002
C.3 552,N.am 621,0.990,O.2 513,0.974,O.3.wat 981,0.979,0.981,0.198,1.349,1.002
O.3 553,O.3.wat 981,0.985,O.3.wat 959,0.596,N.am 621,0.462,0.681,1.526,1.298,0.792
O.3 554,O.3.wat 981,0.348,O.3.wat 960,0.540,N.am 621,0.450,0.446,1.526,1.298,0.792
O.3 555,O.3.wat 981,0.166,N.am 621,0.132,O.3.wat 926,0.534,0.278,1.526,0.940,1.124
C.3 556,O.2 475,0.599,O.2 513,0.867,S.3 324,0.199,0.555,1.407,1.349,1.338
C.3 557,O.2 494,0.286,O.2 513,0.624,S.3 324,0.371,0.427,1.407,1.349,1.338
C.3 558,O.2 513,0.945,S.3 324,0.118,C.2 522,0.722,0.595,1.407,1.373,0.766
C.3 559,O.3.wat 981,0.043,O.2 475,0.125,O.2 513,0.325,0.164,0.889,1.349,1.075
C.1 560,O.3.wat 981,0.115,O.2 513,0.318,O.2 494,0.660,0.364,1.213,0.801,0.746
C.1 561,O.3.wat 981,0.072,O.2 513,0.089,S.3 324,0.085,0.082,1.213,0.801,1.975
C.3 562,O.3.wat 981,0.036,O.3.wat 983,0.031,O.3.wat 979,0.119,0.062,0.889,0.971,1.002
C.3 563,O.3.wat 981,0.126,O.3.wat 983,0.111,O.3.wat 979,0.149,0.129,0.889,0.971,1.002
C.3 564,O.3.wat 981,0.085,O.3.wat 983,0.057,O.3.wat 979,0.147,0.096,0.889,0.971,1.002
C.3 565,O.3.wat 981,0.185,O.3.wat 1020,0.247,S.3 324,0.483,0.305,0.889,0.971,1.338
C.3 566,S.3 324,1.000,O.2 513,0.631,O.3.wat 981,0.560,0.730,1.425,1.349,1.002
C.3 567,S.3 324,0.446,O.3.wat 981,0.052,O.2 513,0.200,0.233,1.425,0.971,1.075
C.3 568,O.3.wat 979,0.196,O.3.wat 983,0.144,O.3.wat 981,0.398,0.246,0.889,0.971,1.002
C.3 569,O.3.wat 983,0.998,O.3.wat 981,0.794,O.3.wat 979,0.817,0.869,0.889,0.971,1.002
C.3 570,O.3.wat 979,0.196,O.3.wat 983,0.215,O.3.wat 981,0.530,0.314,0.889,0.971,1.002
C.3 571,O.3.wat 1020,0.274,O.3.wat 983,0.994,O.3.wat 981,0.921,0.730,0.889,0.971,1.002
C.3 572,O.3.wat 965,0.512,C.3 323,0.881,O.3 228,0.857,0.750,0.889,1.122,1.056
C.3 573,O.3.wat 965,0.035,O.3.wat 983,0.082,S.3 324,0.290,0.136,0.889,0.971,1.338
C.3 574,O.3.wat 1020,0.980,O.3.wat 983,0.847,O.3.wat 979,0.492,0.773,0.889,0.971,1.002
C.3 575,O.3.wat 983,0.724,O.3.wat 965,0.293,O.3.wat 981,0.999,0.672,0.889,0.971,1.002
C.3 576,O.3.wat 979,0.117,O.3.wat 983,0.275,O.3.wat 981,0.240,0.211,0.889,0.971,1.002
O.3 577,O.3.wat 979,0.874,O.3.wat 1020,0.557,O.3.wat 983,0.884,0.772,1.526,1.298,1.124
O.3 578,O.3.wat 965,1.000,O.3.wat 983,0.757,O.3.wat 944,0.841,0.866,1.526,1.298,1.124
O.3 579,O.3.wat 979,0.058,O.3.wat 983,0.166,O.3.wat 965,0.260,0.161,1.526,1.298,1.124
N.3 607,O.2 513,0.782,O.2 523,0.946,C.2 532,0.985,0.904,0.735,0.817,0.725
C.3 608,O.3.wat 926,0.933,O.3.wat 981,0.986,O.2 513,0.711,0.877,0.889,0.971,1.075
C.2 609,N.am 628,0.940,O.3.wat 959,0.834,O.3.wat 926,0.713,0.829,2.955,1.098,0.938
O.2 610,O.3.wat 926,0.462,C.3 180,0.572,N.am 628,0.427,0.487,1.092,1.104,2.466
C.3 611,O.2 513,0.843,O.3.wat 926,0.981,O.2 179,0.654,0.826,1.407,0.971,1.075
O.3 612,O.2 513,0.921,N.am 628,1.000,O.2 523,0.891,0.937,0.737,0.940,0.753
C.3 613,O.2 513,0.599,N.3 249,0.594,C.3 225,0.696,0.629,1.407,0.588,1.205
N.am 621,O.2 523,0.661,O.3.wat 1007,0.883,O.3.wat 982,0.535,0.693,1.908,0.633,0.830
C.3 622,O.3.wat 982,0.403,O.2 523,0.390,O.3.wat 1007,0.194,0.329,0.889,1.349,1.002
C.2 623,O.3.wat 913,0.989,C.3 87,0.815,O.2 523,0.710,0.838,0.757,0.512,1.155
O.2 624,O.3.wat 913,0.993,C.3 87,0.996,C.ar 856,0.723,0.904,1.092,1.104,0.728
N.am 628,O.3 612,0.962,O.2 523,0.507,C.3 87,0.396,0.622,0.657,1.326,0.638
C.3 629,O.2 64,0.661,O.3 612,1.000,C.3 87,0.474,0.712,1.407,1.064,1.205
C.2 630,O.2 64,0.919,C.3 524,0.991,N.am 657,0.133,0.681,0.573,0.512,1.707
O.2 631,O.2 523,0.937,N.am 530,0.053,O.3 612,0.705,0.565,0.132,2.993,0.607
C.3 632,S.3 76,0.573,O.3 612,0.267,O.2 64,0.045,0.295,1.425,1.064,1.075
S.3 633,S.3 76,0.639,O.3 612,0.369,O.2 179,0.411,0.473,24.090,0.991,0.737
N.am 638,O.2 64,0.613,O.2 624,0.287,C.3 524,1.000,0.633,1.908,1.326,0.638
C.3 639,O.2 64,0.589,C.3 524,0.533,O.2 624,0.302,0.475,1.407,1.122,1.075
C.2 640,N.3 61,0.304,N.3 695,0.349,C.3 35,0.889,0.514,1.121,1.228,0.618
O.2 641,N.3 61,0.856,C.3 35,0.453,O.3 7,0.945,0.751,1.699,1.104,0.607
C.3 642,O.2 64,0.141,C.ar 856,0.183,O.2 624,0.259,0.194,1.407,1.266,1.075
C.3 643,O.2 64,0.996,C.ar 854,0.906,C.3 701,0.847,0.916,1.407,1.266,1.205
C.3 644,C.ar 856,0.992,O.2 624,0.841,O.3.wat 913,0.342,0.725,1.384,1.349,1.002
C.3 645,C.ar 852,0.740,C.3 701,0.994,C.3 65,0.980,0.905,1.384,1.122,1.205
N.am 657,O.3 7,0.043,C.2 630,0.081,C.3 524,0.541,0.222,0.657,5.809,0.638
N.3 658,O.2 8,0.167,C.2 630,0.096,C.3 524,0.968,0.411,0.735,0.764,0.742
C.3 659,O.3 7,0.642,C.3 35,0.424,N.3 61,0.495,0.520,1.053,1.122,0.761
C.3 660,O.2 8,0.975,O.3.wat 962,0.247,C.3 36,0.219,0.480,1.407,0.971,1.205
C.3 661,O.3 7,0.999,N.am 714,0.588,O.3.wat 966,0.179,0.589,1.053,0.423,1.002
C.2 662,O.3.wat 962,0.926,O.2 8,0.916,N.am 714,0.188,0.677,0.757,0.952,1.707
O.2 663,O.3.wat 966,0.035,C.3 720,0.058,O.3 7,0.705,0.266,1.092,1.104,0.607
O.3 664,O.3.wat 962,0.516,O.3.wat 967,0.165,C.3 720,0.246,0.309,1.526,1.298,1.215
C.3 665,O.3 7,0.176,C.3 45,0.159,O.2 453,0.219,0.184,1.053,1.122,1.075
C.3 666,O.2 8,0.316,O.3.wat 962,0.287,O.3.wat 989,0.387,0.330,1.407,0.971,1.002
C.3 667,C.3 45,0.330,C.3 450,0.629,O.3.wat 963,0.398,0.452,1.190,1.122,1.002
C.3 668,C.3 450,0.297,C.3 524,0.579,O.3 44,0.617,0.497,1.190,1.122,1.056
C.3 669,O.3.wat 1013,0.927,O.3 7,0.921,O.3.wat 1001,0.997,0.948,0.889,1.064,1.002
C.3 670,O.3.wat 989,0.933,O.2 8,0.594,O.3.wat 1013,0.614,0.714,0.889,1.349,1.002
C.3 671,N.am 462,1.000,C.3 450,0.770,O.3.wat 963,0.899,0.890,0.198,1.122,1.002
C.3 672,O.3 44,0.198,C.3 450,0.903,C.3 524,0.847,0.649,1.053,1.122,1.205
N.3 695,O.3 7,0.982,C.2 640,0.151,O.3.wat 1013,0.840,0.658,1.196,0.764,1.651
C.3 696,O.3 7,0.468,O.3.wat 936,0.299,N.3 728,0.998,0.589,1.053,0.971,0.761
C.2 697,N.3 728,0.993,O.3.wat 1001,0.897,O.3 7,0.677,0.856,1.121,1.098,0.981
O.2 698,N.3 1,0.930,O.3.wat 1013,0.957,O.3 734,0.977,0.955,1.699,0.644,0.607
C.3 699,O.3.wat 936,0.755,N.3 728,0.945,O.3 7,0.851,0.850,0.889,0.588,1.056
C.3 700,O.3 734,0.978,O.3 7,0.887,S.3 66,0.851,0.905,1.053,1.064,1.338
C.3 701,C.3 645,0.674,O.3.wat 936,0.256,S.3 66,0.495,0.475,1.190,0.971,1.338
C.3 702,O.3 734,0.845,O.3 768,0.887,S.3 66,0.244,0.659,1.053,1.064,1.338
N.am 714,O.3.wat 936,0.142,O.3.wat 1001,0.844,C.3 661,0.873,0.620,0.675,0.633,0.638
C.3 715,O.3.wat 1001,0.785,O.3.wat 968,0.753,O.3.wat 936,0.838,0.792,0.889,0.971,1.002
C.2 716,O.3.wat 968,0.926,O.3.wat 984,0.993,O.3.wat 936,0.883,0.934,0.757,1.098,0.938
O.2 717,O.3.wat 968,0.756,O.3.wat 984,0.820,O.3.wat 1022,0.927,0.834,1.092,0.644,0.635
C.3 718,O.3.wat 1021,0.814,O.3.wat 1001,1.000,O.3.wat 968,0.957,0.924,0.889,0.971,1.002
C.3 719,O.3.wat 936,0.917,O.3.wat 1004,0.275,O.3.wat 966,0.590,0.594,0.889,0.971,1.002
C.3 720,O.3.wat 936,0.323,O.3.wat 966,0.459,O.3.wat 1001,0.515,0.432,0.889,0.971,1.002
N.3 728,O.3.wat 936,0.914,C.2 697,0.878,O.3.wat 984,0.978,0.923,1.648,0.764,1.651
N.am 729,O.3.wat 937,0.550,C.2 697,0.783,O.3.wat 984,0.888,0.740,0.675,5.809,0.830
C.3 730,O.3.wat 938,0.212,O.3.wat 936,0.235,O.3.wat 984,0.979,0.475,0.889,0.971,1.002
C.3 731,O.3.wat 937,0.541,O.3.wat 938,0.328,O.3.wat 984,0.120,0.330,0.889,0.971,1.002
C.3 732,O.3.wat 984,0.456,O.3.wat 938,0.210,N.3 762,0.236,0.301,0.889,0.971,0.761
C.3 733,O.3.wat 984,0.030,N.3 763,0.683,O.3.wat 938,0.655,0.456,0.889,0.588,1.002
O.3 734,O.3 11,0.965,O.3.wat 984,0.643,C.3 700,0.840,0.816,1.611,1.298,1.215
O.3 735,O.3.wat 984,0.882,N.3 2,0.993,O.2 698,0.910,0.928,1.526,2.137,0.753
N.3 742,O.3.wat 938,0.621,O.3.wat 984,0.639,O.3 11,0.936,0.732,1.648,1.630,1.580
N.3 743,O.3.wat 938,0.275,O.3.wat 984,0.666,C.2 716,0.581,0.507,1.648,1.630,0.725
C.3 744,O.3 11,0.712,O.3.wat 947,0.723,O.3.wat 938,0.981,0.805,1.053,0.971,1.002
C.3 745,O.3.wat 947,0.787,O.3.wat 984,0.723,O.3.wat 973,0.981,0.830,0.889,0.971,1.002
C.3 746,N.3 790,0.836,O.3.wat 947,0.886,O.3.wat 938,0.979,0.900,0.447,0.971,1.002
C.3 747,O.3.wat 947,0.900,O.3.wat 992,0.712,C.3 14,0.932,0.848,0.889,0.971,1.205
O.3 748,O.3.wat 947,0.205,O.3.wat 991,0.495,N.3 790,0.966,0.555,1.526,1.298,1.522
O.3 749,O.3.wat 947,0.543,O.3.wat 992,0.449,O.3.wat 1006,0.940,0.644,1.526,1.298,1.124
C.3 750,O.3.wat 947,0.862,O.3.wat 973,0.340,O.3.wat 984,0.759,0.654,0.889,0.971,1.002
C.3 751,O.3.wat 947,0.897,O.3.wat 1002,0.857,O.3.wat 973,1.000,0.918,0.889,0.971,1.002
N.3 762,O.3.wat 938,0.844,C.3 732,0.550,C.3 702,0.737,0.710,1.648,0.773,0.742
N.3 763,O.3.wat 938,0.402,C.3 733,0.567,O.3.wat 992,0.874,0.615,1.648,0.773,1.651
C.3 764,O.3.wat 938,1.000,O.3.wat 991,0.898,O.3.wat 986,0.693,0.864,0.889,0.971,1.002
C.3 765,O.3.wat 992,0.966,O.3.wat 938,0.986,C.3 702,0.499,0.817,0.889,0.971,1.205
C.3 766,O.3.wat 991,0.645,O.3.wat 986,0.967,C.3 702,0.696,0.769,0.889,0.971,1.205
C.3 767,O.3.wat 992,0.720,C.3 702,0.956,O.3.wat 938,1.000,0.892,0.889,1.122,1.002
O.3 768,O.3.wat 986,0.874,N.am 800,0.342,C.3 702,0.992,0.736,1.526,0.940,1.215
O.3 769,O.3.wat 986,0.348,C.3 702,0.957,O.3.wat 938,0.958,0.754,1.526,1.164,1.124
C.2 770,O.3.wat 938,0.794,O.3.wat 986,0.813,O.3.wat 991,0.152,0.587,0.757,1.098,0.938
C.2 771,O.3.wat 938,0.908,O.3.wat 986,0.084,O.3.wat 992,0.146,0.379,0.757,1.098,0.938
O.3 772,O.3.wat 938,0.048,O.3.wat 986,0.085,O.3.wat 991,0.260,0.131,1.526,1.298,1.124
O.3 773,O.3.wat 938,0.030,O.3.wat 986,0.043,O.3.wat 992,0.217,0.097,1.526,1.298,1.124
C.3 774,O.3.wat 986,0.040,O.3.wat 991,0.099,O.3.wat 938,0.240,0.126,0.889,0.971,1.002
C.3 775,O.3.wat 986,0.015,O.3.wat 938,0.045,O.3.wat 992,0.147,0.069,0.889,0.971,1.002
N.3 790,O.3.wat 991,0.844,O.3 748,0.869,S.3 66,0.996,0.903,1.648,1.526,0.701
C.3 791,S.3 66,0.535,O.3.wat 991,0.886,C.3 702,0.925,0.782,1.425,0.971,1.205
C.2 792,N.am 814,0.031,O.2 850,0.101,O.3.wat 991,0.187,0.106,2.955,0.952,0.938
O.2 793,N.am 814,0.033,O.3.wat 991,0.288,O.2 850,0.792,0.371,3.254,0.644,0.783
C.3 794,S.3 66,0.405,O.3.wat 951,0.077,O.2 850,0.017,0.166,1.425,0.971,1.075
S.3 795,S.3 66,1.000,O.3.wat 1015,0.413,O.3.wat 951,0.208,0.540,24.090,0.515,0.557
N.am 800,O.3 768,0.133,O.2 850,0.161,S.3 66,0.320,0.204,0.657,1.326,0.743
C.3 801,O.3.wat 971,0.991,N.3 821,0.796,O.3 768,0.522,0.770,0.889,0.588,1.056
C.2 802,N.3 821,0.886,O.3.wat 971,1.000,N.3 847,0.755,0.880,1.121,1.098,1.215
O.2 803,N.3 847,0.830,N.3 821,1.000,N.am 868,0.918,0.916,1.699,1.070,2.466
C.3 804,O.3.wat 980,0.980,O.3.wat 971,0.963,O.2 835,0.524,0.822,0.889,0.971,1.075
C.3 805,O.3.wat 980,0.323,O.2 835,0.743,O.3.wat 1011,0.998,0.688,0.889,1.349,1.002
C.3 806,O.3 768,0.432,C.3 851,0.759,S.3 66,0.841,0.677,1.053,1.122,1.338
N.am 814,O.3.wat 971,0.817,O.3.wat 1027,0.709,O.2 793,0.406,0.644,0.675,0.633,1.358
C.3 815,O.3.wat 1027,0.900,O.3.wat 971,0.994,O.3.wat 985,0.991,0.961,0.889,0.971,1.002
C.3 816,N.3 847,0.783,O.3.wat 1027,0.459,O.3.wat 985,0.655,0.632,0.447,0.971,1.002
O.3 817,O.3.wat 949,0.882,O.3.wat 985,0.777,C.3 872,0.991,0.883,1.526,1.298,1.215
N.3 821,O.2 803,0.542,O.3.wat 1027,0.663,O.3.wat 949,0.956,0.720,0.735,1.630,1.651
N.3 822,C.2 802,0.438,O.3.wat 1027,0.669,N.am 868,0.834,0.647,0.584,1.630,0.574
C.3 823,O.3.wat 949,1.000,O.3.wat 939,0.943,O.2 803,0.997,0.980,0.889,0.971,1.075
C.3 824,O.2 803,0.247,O.3.wat 939,0.617,O.3.wat 1027,0.648,0.504,1.407,0.971,1.002
C.2 825,O.3.wat 939,0.172,N.am 868,0.599,O.3.wat 914,0.956,0.575,0.757,2.048,0.938
C.3 826,O.3.wat 939,0.541,N.am 868,0.165,O.3.wat 914,0.991,0.565,0.889,0.423,1.002
O.3 827,O.3.wat 914,0.516,O.3.wat 939,0.669,C.3 82,0.975,0.720,1.526,1.298,1.215
O.2 828,O.3.wat 914,0.942,O.3.wat 939,0.817,C.3 82,0.519,0.759,1.092,0.644,0.702
C.3 829,O.3.wat 915,0.992,O.3.wat 914,0.427,O.3.wat 1027,0.486,0.635,0.889,0.971,1.002
C.3 830,O.3.wat 915,0.624,O.3.wat 914,0.224,O.3.wat 1027,0.604,0.484,0.889,0.971,1.002
C.2 831,O.3.wat 1010,0.747,O.3.wat 972,0.738,O.3.wat 915,0.400,0.628,0.757,1.098,0.938
C.2 832,O.3.wat 980,0.121,O.3.wat 972,0.210,O.3.wat 915,0.587,0.306,0.757,1.098,0.938
O.2 833,O.3.wat 972,0.867,O.3.wat 915,0.755,O.3.wat 1010,0.960,0.861,1.092,0.644,0.635
O.2 834,O.3.wat 972,0.020,O.3.wat 980,0.820,O.3.wat 998,0.971,0.604,1.092,0.644,0.635
O.2 835,O.3.wat 1010,0.854,O.3.wat 980,0.720,C.3 805,0.898,0.824,1.092,0.644,0.702
O.3 836,O.3.wat 980,0.194,C.3 805,0.307,O.3.wat 972,0.935,0.479,1.526,1.164,1.124
N.3 847,O.2 803,0.960,C.3 816,0.301,O.3.wat 939,0.736,0.665,0.735,0.773,1.651
C.3 848,O.2 74,0.661,O.2 803,0.477,O.3.wat 939,0.417,0.518,1.407,1.349,1.002
C.2 849,O.2 74,0.107,O.2 803,0.015,N.am 878,0.013,0.045,0.573,0.952,1.707
O.2 850,O.3.wat 951,0.916,C.3 794,0.935,O.2 803,0.354,0.735,1.092,1.104,0.783
C.3 851,C.3 65,0.790,O.2 74,0.956,C.3 805,0.959,0.902,1.190,1.349,1.205
C.ar 852,C.3 645,0.828,O.3.wat 914,0.366,C.2 73,0.608,0.601,3.119,0.721,0.667
C.ar 853,C.3 645,0.555,O.3.wat 914,0.711,O.3.wat 980,0.990,0.752,3.119,0.721,0.795
C.ar 854,N.am 81,0.795,O.2 64,0.995,C.2 73,0.996,0.929,0.252,0.649,0.667
C.ar 855,O.3.wat 914,1.000,O.3.wat 972,0.671,O.3.wat 916,0.946,0.872,0.628,0.721,0.795
C.ar 856,O.3.wat 913,0.561,O.2 624,0.302,C.3 644,0.175,0.346,0.628,0.649,1.745
C.ar 857,O.3.wat 914,0.748,O.3.wat 913,0.328,O.3.wat 912,0.845,0.640,0.628,0.721,0.795
O.3 858,O.3.wat 913,0.985,O.3.wat 916,0.982,O.3.wat 912,0.918,0.962,1.526,1.298,1.124
N.am 868,O.3.wat 939,0.817,O.2 74,0.955,O.2 803,0.923,0.898,0.675,1.326,1.358
C.3 869,O.3.wat 951,0.998,O.3.wat 939,0.921,O.2 803,0.683,0.867,0.889,0.971,1.075
C.2 870,O.3.wat 951,0.136,O.2 74,0.395,O.3.wat 939,0.231,0.254,0.757,0.952,0.938
O.2 871,O.3.wat 951,0.137,O.3 907,0.391,O.2 74,0.587,0.371,1.092,0.524,0.783
C.3 872,O.3.wat 939,0.755,O.3 817,0.725,O.3 896,0.539,0.673,0.889,1.064,1.056
N.am 878,O.2 74,0.873,O.3.wat 951,0.844,C.2 849,1.000,0.906,1.908,0.633,3.816
C.3 879,O.2 74,0.997,O.3 907,0.757,O.3.wat 975,0.922,0.892,1.407,1.064,1.002
C.2 880,O.3.wat 975,0.991,O.3.wat 951,0.909,N.pl3 196,0.491,0.797,0.757,1.098,1.010
O.co2 881,O.3.wat 951,0.923,N.am 71,0.935,N.pl3 196,0.795,0.884,1.819,0.819,2.310
C.3 882,C.2 97,0.980,O.2 74,0.714,N.3 106,0.578,0.757,0.458,1.349,0.761
C.2 883,C.2 97,0.908,O.3.wat 995,0.744,N.3 106,0.983,0.878,0.119,1.098,1.215
O.2 884,C.3 96,0.995,N.3 106,0.346,O.2 84,0.949,0.763,0.718,1.070,0.783
N.am 885,O.3.wat 995,0.956,O.3 907,0.649,C.3 120,0.365,0.657,0.675,0.610,0.638
O.co2 886,O.3.wat 975,0.995,N.pl3 193,0.955,C.3 75,0.986,0.978,1.819,3.710,1.011
C.3 894,O.3.wat 917,0.019,O.3.wat 995,0.186,O.3.wat 918,0.998,0.401,0.889,0.971,1.002
C.3 895,O.3.wat 995,0.002,O.3.wat 993,0.488,O.3.wat 922,0.725,0.405,0.889,0.971,1.002
O.3 896,O.3.wat 939,0.985,O.3.wat 917,1.000,O.3.wat 949,0.550,0.845,1.526,1.298,1.124
C.3 897,O.3 215,0.095,C.3 118,0.480,O.3.wat 925,0.046,0.207,1.053,1.122,1.002
C.3 898,O.3 215,0.785,C.3 157,0.335,C.3 119,0.066,0.395,1.053,1.122,1.205
C.3 899,O.3 215,0.000,O.2 112,0.022,C.3 146,0.015,0.012,1.053,1.349,1.205
C.3 900,C.3 157,0.033,O.3 215,0.974,O.3.wat 921,0.283,0.430,1.190,1.064,1.002
O.3 901,O.3 215,0.408,C.3 118,0.147,O.3.wat 925,0.600,0.385,1.611,1.164,1.124
O.3 902,O.3 215,0.844,O.3.wat 925,0.113,O.3.wat 923,0.383,0.446,1.611,1.298,1.124
C.3 903,O.3.wat 975,0.752,N.am 885,0.319,O.3.wat 941,0.331,0.467,0.889,0.423,1.002
C.3 904,N.am 885,0.702,O.3.wat 995,0.617,O.3.wat 975,0.939,0.753,0.198,0.971,1.002
C.3 905,C.3 120,0.402,O.3.wat 975,0.857,N.am 885,0.496,0.585,1.190,0.971,0.638
C.3 906,O.3.wat 975,0.037,N.am 885,0.471,C.3 121,0.389,0.299,0.889,0.423,1.205
O.3 907,O.3.wat 975,0.874,N.am 885,0.968,O.2 871,0.914,0.919,1.526,0.940,0.753
O.3 908,N.am 885,0.371,O.3.wat 975,0.982,O.2 871,0.956,0.770,0.487,1.298,0.753
C.3 909,O.3.wat 931,0.430,O.3.wat 999,0.981,O.3.wat 930,0.969,0.793,0.889,0.971,1.002
C.3 910,O.3.wat 999,0.121,O.3.wat 930,0.328,C.2 294,0.115,0.188,0.889,0.971,0.766
O.3 911,O.3.wat 931,0.874,C.3 360,0.823,O.3.wat 930,0.684,0.794,1.526,1.164,1.124
O.3.wat 912,O.3.wat 914,1.000,O.3.wat 913,0.999,O.3 858,0.521,0.840,2.496,2.335,1.223
O.3.wat 913,O.3 858,1.000,O.2 624,0.855,O.3.wat 912,0.730,0.862,1.544,0.689,2.043
O.3.wat 914,O.3.wat 912,1.000,O.3.wat 915,0.999,C.ar 857,0.666,0.889,2.496,2.335,0.601
O.3.wat 915,O.3.wat 914,0.621,O.3.wat 916,0.195,O.3.wat 972,0.256,0.357,2.496,2.335,2.043
O.3.wat 916,O.3 858,0.560,O.3.wat 915,0.195,O.3.wat 912,0.454,0.403,1.544,2.335,2.043
O.3.wat 917,O.3.wat 918,0.692,O.2 84,0.997,O.3 896,0.939,0.876,2.496,0.689,1.223
O.3.wat 918,O.3.wat 919,0.998,O.3.wat 917,0.989,C.3 99,0.978,0.988,2.496,2.335,0.984
O.3.wat 919,O.3.wat 918,0.998,O.3.wat 920,0.890,O.3.wat 922,0.577,0.821,2.496,2.335,2.043
O.3.wat 920,O.3.wat 919,0.896,O.3.wat 921,0.991,C.3 99,0.979,0.956,2.496,2.335,0.984
O.3.wat 921,O.3.wat 920,0.461,O.3.wat 919,0.032,O.3.wat 922,0.208,0.234,2.496,2.335,2.043
O.3.wat 922,O.3.wat 919,0.837,O.3.wat 918,0.050,C.3 895,0.254,0.380,2.496,2.335,0.984
O.3.wat 923,O.3.wat 924,0.896,O.2 213,1.000,C.3 309,0.902,0.933,2.496,0.689,0.984
O.3.wat 924,O.3.wat 923,0.896,O.3.wat 925,0.934,N.am 296,0.345,0.725,2.496,2.335,0.607
O.3.wat 925,O.3.wat 924,0.837,O.3 215,0.997,C.3 191,0.207,0.680,2.496,1.510,0.984
O.3.wat 926,O.2 610,0.296,O.3.wat 981,0.390,C.3 177,0.999,0.562,0.678,2.335,0.984
O.3.wat 927,O.3.wat 975,0.767,O.3.wat 925,0.967,O.3.wat 941,1.000,0.911,2.496,2.335,2.043
O.3.wat 928,O.3.wat 925,0.837,C.3 119,0.123,O.3.wat 975,0.781,0.580,2.496,0.616,2.043
O.3.wat 929,O.2 295,1.000,O.3.wat 994,0.934,N.pl3 195,0.841,0.925,0.678,2.335,1.704
O.3.wat 930,O.3.wat 931,0.896,O.3.wat 932,0.967,O.2 295,0.737,0.867,2.496,2.335,0.615
O.3.wat 931,O.3.wat 930,0.896,O.3 911,0.980,O.2 292,0.674,0.850,2.496,1.510,0.615
O.3.wat 932,O.3.wat 958,0.182,O.3.wat 930,0.967,N.pl3 336,0.723,0.624,2.496,2.335,1.704
O.3.wat 933,O.3.wat 1019,0.000,O.3 412,0.905,N.3 400,0.086,0.330,2.496,1.510,2.176
O.3.wat 934,N.am 462,0.507,N.am 446,0.200,O.3.wat 963,0.533,0.413,0.464,0.624,2.043
O.3.wat 935,N.am 462,0.846,O.3.wat 964,0.419,N.am 446,0.616,0.627,0.464,2.335,0.607
O.3.wat 936,N.3 728,0.703,C.3 720,0.352,C.3 699,0.676,0.577,2.479,0.616,0.984
O.3.wat 937,N.am 729,0.770,O.3.wat 938,0.305,C.3 699,1.000,0.691,0.464,2.335,0.984
O.3.wat 938,O.3.wat 986,0.118,C.3 702,0.189,N.3 790,0.048,0.118,2.496,0.616,2.176
O.3.wat 939,O.3 896,0.943,N.am 868,0.868,O.2 84,0.986,0.932,1.544,0.624,0.615
O.3.wat 940,O.3 454,0.853,O.3.wat 1014,0.144,O.3.wat 952,0.354,0.450,1.544,2.335,2.043
O.3.wat 941,O.3.wat 975,0.264,C.3 191,0.531,O.co2 886,0.231,0.342,2.496,0.616,1.523
O.3.wat 942,O.3.wat 1026,0.002,O.3.wat 994,0.311,O.3.wat 997,0.924,0.412,2.496,2.335,2.043
O.3.wat 943,O.3 233,0.981,O.3.wat 965,0.967,O.3.wat 1020,0.683,0.877,1.544,2.335,2.043
O.3.wat 944,O.3.wat 965,0.142,O.3 234,0.318,C.3 307,0.807,0.422,2.496,1.510,0.984
O.3.wat 945,O.3.wat 976,0.237,O.3 378,0.698,O.3.wat 1019,0.797,0.577,2.496,1.510,2.043
O.3.wat 946,O.2 379,0.481,O.3.wat 977,0.733,C.3 401,0.073,0.429,0.678,2.335,0.984
O.3.wat 947,O.3.wat 1006,0.641,O.3.wat 1025,0.265,O.3.wat 973,0.905,0.604,2.496,2.335,2.043
O.3.wat 948,O.3.wat 971,0.359,C.3 804,0.146,O.3.wat 1027,0.203,0.236,2.496,0.616,2.043
O.3.wat 949,O.3.wat 939,0.385,O.3 817,0.566,O.3 896,0.765,0.572,2.496,1.510,1.223
O.3.wat 950,O.3.wat 958,0.012,O.3 454,0.906,N.pl3 339,0.659,0.526,2.496,1.510,1.704
O.3.wat 951,O.co2 881,0.832,O.2 850,1.000,O.3.wat 1015,0.905,0.912,2.205,0.689,2.043
O.3.wat 952,O.3.wat 1000,0.998,O.3.wat 997,0.774,O.3.wat 1026,0.560,0.777,2.496,2.335,2.043
O.3.wat 953,O.3 43,0.629,O.3.wat 956,0.890,O.3.wat 952,0.928,0.816,1.544,2.335,2.043
O.3.wat 954,O.3.wat 952,0.497,O.3.wat 957,0.692,O.3.wat 940,0.830,0.673,2.496,2.335,2.043
O.3.wat 955,O.3.wat 1000,0.045,O.3.wat 952,0.019,O.3.wat 940,0.862,0.309,2.496,2.335,2.043
O.3.wat 956,O.3.wat 958,0.684,O.3.wat 953,0.890,O.3.wat 929,0.730,0.768,2.496,2.335,2.043
O.3.wat 957,O.3.wat 929,0.837,O.3.wat 958,0.989,O.3.wat 954,0.999,0.942,2.496,2.335,2.043
O.3.wat 958,O.3.wat 932,0.182,O.3 454,0.143,N.pl3 336,1.000,0.441,2.496,1.510,1.704
O.3.wat 959,O.3.wat 982,0.255,O.3.wat 1007,0.435,O.3 553,0.716,0.469,2.496,2.335,1.223
O.3.wat 960,O.2 533,0.946,O.3.wat 1008,0.473,O.3 554,0.644,0.687,0.678,2.335,1.223
O.3.wat 961,O.3.wat 996,1.000,N.am 296,0.970,O.3.wat 941,0.994,0.988,2.496,0.624,2.043
O.3.wat 962,O.3.wat 967,0.767,O.3 664,0.864,C.3 696,0.325,0.652,2.496,1.510,0.984
O.3.wat 963,O.2 453,0.648,O.3.wat 1014,0.967,O.3.wat 1003,0.928,0.848,0.678,2.335,2.043
O.3.wat 964,O.3.wat 935,0.092,O.2 453,0.150,O.3.wat 1014,0.443,0.228,2.496,0.689,2.043
O.3.wat 965,C.3 308,0.652,N.am 319,0.052,O.3.wat 983,0.122,0.275,0.136,0.624,2.043
O.3.wat 966,C.3 720,0.803,O.2 663,0.041,C.3 696,0.121,0.322,0.136,0.689,0.984
O.3.wat 967,O.3.wat 962,0.767,C.3 720,0.534,O.3 664,0.180,0.493,2.496,0.616,1.223
O.3.wat 968,O.3.wat 1022,0.001,O.2 717,0.495,O.3.wat 969,0.999,0.498,2.496,0.689,2.043
O.3.wat 969,O.3.wat 970,0.217,O.3.wat 1013,0.975,O.3.wat 968,0.999,0.730,2.496,2.335,2.043
O.3.wat 970,O.3.wat 969,0.217,O.3.wat 984,0.999,O.3.wat 1013,0.624,0.613,2.496,2.335,2.043
O.3.wat 971,N.am 814,0.904,O.3.wat 948,0.923,C.3 801,0.958,0.928,0.464,2.335,0.984
O.3.wat 972,O.3.wat 980,0.559,O.3.wat 998,0.549,C.ar 855,0.510,0.539,2.496,2.335,0.601
O.3.wat 973,O.3.wat 1000,0.326,O.3.wat 974,0.772,O.3.wat 947,0.905,0.667,2.496,2.335,2.043
O.3.wat 974,O.3.wat 1002,0.998,O.3.wat 973,0.772,O.3.wat 984,0.375,0.715,2.496,2.335,2.043
O.3.wat 975,O.3.wat 941,0.264,O.co2 886,0.839,C.3 191,0.996,0.700,2.496,2.108,0.984
O.3.wat 976,O.3.wat 945,0.237,O.2 403,0.138,O.3.wat 1019,0.572,0.316,2.496,0.689,2.043
O.3.wat 977,O.3.wat 946,0.270,O.2 403,0.089,O.3.wat 1019,0.242,0.200,2.496,0.689,2.043
O.3.wat 978,O.3.wat 1007,0.103,C.3 531,0.571,O.2 523,0.218,0.297,2.496,0.616,0.615
O.3.wat 979,O.3.wat 983,0.461,O.3.wat 981,0.025,O.3.wat 965,0.016,0.167,2.496,2.335,2.043
O.3.wat 980,O.3.wat 972,0.559,C.3 805,0.376,O.3.wat 998,0.475,0.470,2.496,0.616,2.043
O.3.wat 981,O.3.wat 983,0.942,O.3.wat 926,0.390,C.3 608,0.882,0.738,2.496,2.335,0.984
O.3.wat 982,O.3.wat 1007,0.002,O.3.wat 959,0.733,C.3 622,0.322,0.352,2.496,2.335,0.984
O.3.wat 983,O.3.wat 981,0.942,O.3.wat 979,0.991,O.3.wat 965,0.122,0.685,2.496,2.335,2.043
O.3.wat 984,O.3.wat 970,0.559,O.2 717,0.823,O.3.wat 968,0.388,0.590,2.496,0.689,2.043
O.3.wat 985,O.3.wat 1018,0.684,O.3 817,0.950,C.3 872,0.902,0.845,2.496,1.510,0.984
O.3.wat 986,O.3.wat 938,0.118,C.3 702,0.029,N.3 790,0.073,0.073,2.496,0.616,2.176
O.3.wat 987,O.2 379,0.532,O.3.wat 1019,0.225,O.3.wat 946,0.375,0.377,0.678,2.335,2.043
O.3.wat 988,O.3.wat 1014,0.032,O.2 453,0.106,O.3.wat 940,0.183,0.107,2.496,0.689,2.043
O.3.wat 989,O.3.wat 1014,0.040,O.2 453,0.411,O.3.wat 940,0.716,0.389,2.496,0.689,2.043
O.3.wat 990,O.3.wat 945,0.012,O.3.wat 1019,0.072,O.3 378,0.061,0.048,2.496,2.335,1.223
O.3.wat 991,N.3 790,0.590,O.3 748,0.245,C.3 764,0.970,0.602,2.479,1.510,0.984
O.3.wat 992,O.3.wat 1006,0.942,O.3 749,0.566,N.3 790,0.849,0.786,2.496,1.510,2.176
O.3.wat 993,C.3 895,0.210,O.3.wat 922,0.011,O.3.wat 995,0.037,0.086,0.136,2.335,2.043
O.3.wat 994,O.3.wat 1024,0.040,O.3.wat 996,0.101,O.3.wat 942,0.155,0.099,2.496,2.335,2.043
O.3.wat 995,C.3 895,0.178,N.am 885,0.967,O.3.wat 922,0.108,0.417,0.136,0.624,2.043
O.3.wat 996,O.3.wat 994,0.416,O.3.wat 1024,0.153,O.3.wat 999,0.517,0.362,2.496,2.335,2.043
O.3.wat 997,O.3.wat 1026,0.018,O.3.wat 1015,0.557,O.3.wat 952,0.996,0.524,2.496,2.335,2.043
O.3.wat 998,O.3.wat 972,0.160,O.3.wat 980,0.105,O.3.wat 948,0.197,0.154,2.496,2.335,2.043
O.3.wat 999,O.3.wat 930,0.160,C.3 910,0.215,O.3.wat 996,0.517,0.297,2.496,0.616,2.043
O.3.wat 1000,O.3.wat 973,0.326,O.3.wat 952,0.702,O.3.wat 1025,0.579,0.535,2.496,2.335,2.043
O.3.wat 1001,O.3.wat 1013,0.237,O.3.wat 1005,0.226,C.3 715,0.676,0.380,2.496,2.335,0.984
O.3.wat 1002,O.3.wat 974,0.998,O.3.wat 973,0.026,O.3.wat 947,0.090,0.371,2.496,2.335,2.043
O.3.wat 1003,O.3.wat 1014,0.012,O.3.wat 1013,0.311,O.3.wat 1001,0.523,0.282,2.496,2.335,2.043
O.3.wat 1004,O.3.wat 1023,0.031,O.3.wat 1021,0.099,C.3 718,0.266,0.132,2.496,2.335,0.984
O.3.wat 1005,O.3.wat 1001,0.595,O.3.wat 1021,0.311,O.3.wat 968,0.813,0.573,2.496,2.335,2.043
O.3.wat 1006,O.3.wat 1025,0.003,O.3.wat 947,0.226,O.3.wat 1015,0.683,0.304,2.496,2.335,2.043
O.3.wat 1007,O.3.wat 982,0.002,O.2 533,0.727,O.3.wat 978,0.886,0.538,2.496,0.689,2.043
O.3.wat 1008,O.2 533,0.532,O.3.wat 1009,0.473,O.3.wat 960,0.905,0.637,0.678,2.335,2.043
O.3.wat 1009,O.3.wat 1008,0.109,O.2 533,0.012,O.3.wat 960,0.096,0.073,2.496,0.689,2.043
O.3.wat 1010,O.3.wat 980,0.416,O.3.wat 998,0.226,O.2 835,0.894,0.512,2.496,2.335,0.615
O.3.wat 1011,O.3.wat 980,0.385,O.3.wat 1010,0.363,C.3 804,0.937,0.562,2.496,2.335,0.984
O.3.wat 1012,O.3.wat 948,0.559,O.3.wat 980,0.733,O.3.wat 998,0.528,0.606,2.496,2.335,2.043
O.3.wat 1013,O.3.wat 1001,0.237,O.3.wat 1003,0.311,O.3.wat 969,0.862,0.470,2.496,2.335,2.043
O.3.wat 1014,O.3.wat 1003,0.012,O.2 453,0.578,O.3.wat 1013,0.958,0.516,2.496,0.689,2.043
O.3.wat 1015,O.3.wat 997,0.942,O.3.wat 951,0.473,O.3.wat 1006,0.683,0.699,2.496,2.335,2.043
O.3.wat 1016,O.3.wat 983,0.217,O.3.wat 979,0.253,O.3.wat 965,0.528,0.333,2.496,2.335,2.043
O.3.wat 1017,N.am 435,0.871,C.3 498,0.113,C.3 413,0.930,0.638,0.464,0.616,0.984
O.3.wat 1018,O.3.wat 985,0.684,O.3 817,0.007,O.3.wat 1027,0.036,0.243,2.496,1.510,2.043
O.3.wat 1019,O.3.wat 933,0.000,O.3 412,0.045,N.3 400,0.147,0.064,2.496,1.510,2.176
O.3.wat 1020,O.3.wat 983,0.012,O.3.wat 965,0.692,O.3 577,0.644,0.449,2.496,2.335,1.223
O.3.wat 1021,O.3.wat 1005,0.728,O.3.wat 968,0.253,C.3 718,0.705,0.562,2.496,2.335,0.984
O.3.wat 1022,O.3.wat 968,0.001,O.3.wat 969,0.294,O.2 717,0.234,0.176,2.496,2.335,0.615
O.3.wat 1023,O.3.wat 1004,0.031,C.3 719,0.038,O.3.wat 1021,0.015,0.028,2.496,0.616,2.043
O.3.wat 1024,O.3.wat 994,0.040,O.3.wat 1026,0.422,O.3.wat 942,0.633,0.365,2.496,2.335,2.043
O.3.wat 1025,O.3.wat 1006,0.003,O.3.wat 947,0.265,O.3.wat 997,0.728,0.332,2.496,2.335,2.043
O.3.wat 1026,O.3.wat 942,0.002,O.3.wat 997,0.001,O.3.wat 1024,0.214,0.072,2.496,2.335,2.043
O.3.wat 1027,C.3 816,0.777,O.3.wat 971,0.055,O.3.wat 948,0.203,0.345,0.136,2.335,2.043
